1,Walther,Brearton,6152590358,wbrearton0@squidoo.com
2,Suzette,Skittreal,6471892753,sskittreal1@symantec.com
3,Torrie,Hefforde,1709795086,thefforde2@smugmug.com
4,Lillis,Martynov,3994005146,lmartynov3@1und1.de
5,Jarret,Ranald,2557128334,jranald4@tumblr.com
6,Octavia,Roggieri,5168379275,oroggieri5@jimdo.com
7,Wayland,Krauss,2867654040,wkrauss6@google.pl
8,Ronnica,Lowne,3502007266,rlowne7@hc360.com
9,Joannes,Phebey,4333442699,jphebey8@ucla.edu
10,Lee,Grey,5729318217,lgrey9@listmanage.com
11,Goran,Hakonsen,5116359157,ghakonsena@a8.net
12,Yancy,Greenhalf,3978186530,ygreenhalfb@i2i.jp
13,Dionisio,Rotte,1717437297,drottec@cbslocal.com
14,Franklyn,Beentjes,6705555555,fbeentjesd@answers.com
15,Alvin,Epps,9966373359,aeppse@hao123.com
16,Lindsay,Wason,8611866581,lwasonf@trellian.com
17,Leann,Bromell,3146253305,lbromellg@google.it
18,Wilburt,Hansed,3554823306,whansedh@w3.org
19,Jarret,Roz,7246712217,jrozi@dagondesign.com
20,Lian,Jeppensen,9391037856,ljeppensenj@shareasale.com
21,Valentijn,Cough,4353463097,vcoughk@disqus.com
22,Janet,Sinnock,4322097022,jsinnockl@tripadvisor.com
23,Obediah,Beamond,3149562186,obeamondm@about.me
24,Karil,Burgher,4381859058,kburghern@youku.com
25,Mario,Bosch,5026985364,mboscho@booking.com
26,Yankee,Linstead,1985866134,ylinsteadp@examiner.com
27,Catina,Landell,3178521181,clandellq@diigo.com
28,Johannes,Cadagan,9961990136,jcadaganr@bbb.org
29,Mandel,Zorzoni,3305851318,mzorzonis@foxnews.com
30,Liam,Hacon,9225493741,lhacont@i2i.jp
31,Tami,Dunleavy,7973643154,tdunleavyu@kickstarter.com
32,Adda,Yarnell,9745311696,ayarnellv@noaa.gov
33,Cinnamon,Rolston,8387177176,crolstonw@cornell.edu
34,Dee,Loft,8307729610,dloftx@ifeng.com
35,Augustine,Wrathmell,1094272732,awrathmelly@qq.com
36,Francklin,Millen,4088670418,fmillenz@diigo.com
37,Clemence,Connechy,1589165144,cconnechy10@vimeo.com
38,Domenico,Waddington,4279414334,dwaddington11@guardian.co.uk
39,Tito,Stelli,8582803220,tstelli12@fc2.com
40,Shaun,Joust,7222742974,sjoust13@salon.com
41,Hermy,Skeath,4375345516,hskeath14@jalbum.net
42,Pascal,Gumary,5602270750,pgumary15@virginia.edu
43,Tripp,Theseira,6784821225,ttheseira16@sphinn.com
44,Corbie,Verna,5551798157,cverna17@bigcartel.com
45,Humfried,Edger,8971947726,hedger18@imdb.com
46,Chev,Vines,9229654745,cvines19@smh.com.au
47,Jude,Playle,5528789132,jplayle1a@reuters.com
48,Dicky,Vellacott,6025226354,dvellacott1b@woothemes.com
49,Keenan,von Hagt,1797485218,kvonhagt1c@hugedomains.com
50,Lauretta,Osgordby,5539149029,losgordby1d@intel.com
51,Rees,Jira,8023144274,rjira1e@springer.com
52,Kim,Abrehart,5574342062,kabrehart1f@netvibes.com
53,Perla,Dechelle,8407363386,pdechelle1g@dedecms.com
54,Tedman,Spieght,3415136237,tspieght1h@examiner.com
55,Lilias,Jozwiak,2446082441,ljozwiak1i@cargocollective.com
56,Alberto,Everwin,1997424998,aeverwin1j@wunderground.com
57,Alon,Baudou,1793426511,abaudou1k@merriamwebster.com
58,Fredia,Hargitt,1786755634,fhargitt1l@prweb.com
59,Maitilde,Peckitt,7074837239,mpeckitt1m@mozilla.org
60,Darcy,Predohl,7677483747,dpredohl1n@fc2.com
61,Adelaida,Absolon,7089144349,aabsolon1o@biblegateway.com
62,Lenna,Delue,7135292101,ldelue1p@dion.ne.jp
63,Carita,Caldecot,9221369357,ccaldecot1q@booking.com
64,Cal,Saice,9058181277,csaice1r@jimdo.com
65,Avivah,Swadlen,2163416448,aswadlen1s@yale.edu
66,Bennie,Martello,7611798858,bmartello1t@bbc.co.uk
67,Rayner,Agglione,6097466461,ragglione1u@omniture.com
68,Sammy,Revance,5837227047,srevance1v@vkontakte.ru
69,Sutherlan,Hirth,8297745827,shirth1w@spiegel.de
70,Starla,Duckham,8339714712,sduckham1x@com.com
71,Lucien,Stannard,2761092521,lstannard1y@google.ru
72,Gaylord,Keford,7801102827,gkeford1z@newyorker.com
73,Chrystel,Linn,9703206365,clinn20@instagram.com
74,Vicky,Gemlbett,1837141985,vgemlbett21@sciencedirect.com
75,Hope,Smooth,8826467604,hsmooth22@harvard.edu
76,Fairfax,Chadwin,6086397616,fchadwin23@foxnews.com
77,Rob,Kusick,9695803192,rkusick24@tonline.de
78,Nannette,Knowlson,7916092261,nknowlson25@ox.ac.uk
79,Liliane,Severy,1769948901,lsevery26@goo.ne.jp
80,Gertrud,O'Duggan,3556723806,goduggan27@arizona.edu
81,Reid,Bartolomeo,6906967696,rbartolomeo28@hibu.com
82,Sara,Orrocks,8515124378,sorrocks29@prnewswire.com
83,Ardelia,Johannes,9172879096,ajohannes2a@sun.com
84,Alonso,Vakhonin,6811475069,avakhonin2b@vkontakte.ru
85,Antoine,Plascott,3404259746,aplascott2c@google.co.uk
86,Addison,Itzcovichch,7189830575,aitzcovichch2d@tumblr.com
87,Vilma,Dumphry,5604002295,vdumphry2e@omniture.com
88,Tonya,Gemlbett,2581879635,tgemlbett2f@samsung.com
89,Starla,Humbey,1651375432,shumbey2g@elegantthemes.com
90,Terrye,Lintott,2698626823,tlintott2h@mapquest.com
91,Osbert,Sanders,3338269906,osanders2i@businesswire.com
92,Felita,Fuzzens,7716053466,ffuzzens2j@tonline.de
93,Harold,De Benedictis,4952065478,hdebenedictis2k@latimes.com
94,Ursa,O' Flaherty,1952552260,uoflaherty2l@si.edu
95,Nevsa,Bisco,6536280522,nbisco2m@canalblog.com
96,Carlie,Janko,8867746349,cjanko2n@google.com.hk
97,Saunder,Goaks,9913205046,sgoaks2o@symantec.com
98,Rickie,Pexton,3707739594,rpexton2p@ning.com
99,Demetre,Slevin,5638663166,dslevin2q@sciencedaily.com
100,Marijn,Kenn,8643958726,mkenn2r@dyndns.org
101,Sheilakathryn,Dennert,3849575595,sdennert2s@sbwire.com
102,Artemis,Presslie,5501253429,apresslie2t@hibu.com
103,Fitzgerald,Borth,1928596380,fborth2u@wikispaces.com
104,Justinn,Eastby,9254147369,jeastby2v@prweb.com
105,Louella,Kemitt,4686388831,lkemitt2w@youtu.be
106,Lief,Harrow,3711659665,lharrow2x@un.org
107,Arlen,Minthorpe,3043386520,aminthorpe2y@comsenz.com
108,Lauri,Kirkwood,8656645129,lkirkwood2z@cbc.ca
109,Angus,Bubbins,5341918048,abubbins30@webnode.com
110,Angie,Lampett,3642866705,alampett31@google.cn
111,Katerine,Strathern,8309733004,kstrathern32@msu.edu
112,Conn,Ruggles,7926151897,cruggles33@histats.com
113,Ricki,Anetts,3625209081,ranetts34@delicious.com
114,Waiter,Dudney,3174180998,wdudney35@networkadvertising.org
115,Ricard,McConnal,3674656052,rmcconnal36@purevolume.com
116,Sly,Ginnane,1009627555,sginnane37@taobao.com
117,Corine,Giles,4077277718,cgiles38@quantcast.com
118,Inge,Nevison,3413216939,inevison39@mlb.com
119,Tawsha,Feathersby,8414728465,tfeathersby3a@weather.com
120,Booth,Wimbury,8914699821,bwimbury3b@storify.com
121,Giustina,Brien,1709099164,gbrien3c@umn.edu
122,Juliana,Mabson,8417807476,jmabson3d@hostgator.com
123,Francyne,Jervoise,4909337224,fjervoise3e@phoca.cz
124,Roxi,Frayling,2884632345,rfrayling3f@zdnet.com
125,Joela,Da Costa,2354512502,jdacosta3g@bravesites.com
126,Georgena,Scinelli,6838761906,gscinelli3h@virginia.edu
127,Arvie,Oxtarby,3422974235,aoxtarby3i@abc.net.au
128,Annette,Dykins,3924730011,adykins3j@mtv.com
129,Billy,Atwel,8409878957,batwel3k@umich.edu
130,Caleb,Beament,6054850577,cbeament3l@irs.gov
131,Wenona,Vondrak,2279781054,wvondrak3m@mac.com
132,Dene,Stoving,3879468129,dstoving3n@ameblo.jp
133,Dorian,Ducrow,5391925867,dducrow3o@auda.org.au
134,Kristina,Mundie,9232721469,kmundie3p@123reg.co.uk
135,Deny,Firmager,8282931436,dfirmager3q@irs.gov
136,Elianore,McIntee,3489883915,emcintee3r@godaddy.com
137,Ferris,Havock,2603044913,fhavock3s@omniture.com
138,Ivonne,Gotter,4995774886,igotter3t@sitemeter.com
139,Mile,Darkin,6866990033,mdarkin3u@indiatimes.com
140,Maison,Yeldon,6048236301,myeldon3v@youku.com
141,Fina,Snarie,5385691380,fsnarie3w@pinterest.com
142,Tades,Bargery,8102078343,tbargery3x@is.gd
143,Moria,Pether,2106426709,mpether3y@si.edu
144,Brandy,Wernham,9244133209,bwernham3z@theatlantic.com
145,Giovanna,Dooher,4144698536,gdooher40@state.tx.us
146,Brittan,Caslane,6031625637,bcaslane41@themeforest.net
147,Tamar,Atterbury,4794471279,tatterbury42@quantcast.com
148,Carolee,Hares,6485265316,chares43@rakuten.co.jp
149,Whitaker,Vaines,9165306983,wvaines44@arstechnica.com
150,Timothee,Neeson,4335461501,tneeson45@businessweek.com
151,Brett,Ilyinykh,9624923824,bilyinykh46@usa.gov
152,Tades,Pechell,6664445207,tpechell47@ibm.com
153,Shelton,Compfort,9521734529,scompfort48@github.io
154,Mose,Munro,5935601325,mmunro49@livejournal.com
155,Flss,Serjeantson,3162883899,fserjeantson4a@istockphoto.com
156,Derron,Yair,8714587466,dyair4b@cbsnews.com
157,Bord,Drewet,2837178708,bdrewet4c@rambler.ru
158,Krissy,Dragon,3186019857,kdragon4d@shoppro.jp
159,Rosabelle,Traite,5284576894,rtraite4e@fc2.com
160,Cindra,Prydden,3037223220,cprydden4f@newyorker.com
161,Vasilis,Grushin,4954985367,vgrushin4g@wordpress.com
162,Cordie,Croce,8544377246,ccroce4h@google.com
163,Axe,Arundel,9434965687,aarundel4i@wikimedia.org
164,Elli,Thay,6152747238,ethay4j@auda.org.au
165,Fernande,Somersett,5027968626,fsomersett4k@nih.gov
166,Stavro,Bish,7989552167,sbish4l@businesswire.com
167,Enos,Ormshaw,5742520030,eormshaw4m@noaa.gov
168,Kristos,Trobridge,2064877730,ktrobridge4n@lycos.com
169,Mikael,Rappport,8849369194,mrappport4o@csmonitor.com
170,Sander,Puddle,8386787977,spuddle4p@jimdo.com
171,Gustavo,Coats,5594555190,gcoats4q@stumbleupon.com
172,Melosa,Gambrell,7533285933,mgambrell4r@dagondesign.com
173,Eyde,Decayette,7361045803,edecayette4s@digg.com
174,Marshal,Nockalls,9476412490,mnockalls4t@issuu.com
175,Twila,Jimenez,6147811720,tjimenez4u@skyrock.com
176,Lorelle,Sommers,5535221083,lsommers4v@deliciousdays.com
177,Madelina,Allawy,9023782629,mallawy4w@moonfruit.com
178,Reid,McCreadie,8081943779,rmccreadie4x@blogspot.com
179,Giles,Peirson,5913650749,gpeirson4y@businessinsider.com
180,L;urette,Fairrie,3991731875,lfairrie4z@businessinsider.com
181,Jen,Higgan,6416322568,jhiggan50@about.com
182,Feodora,Tomsu,8272861083,ftomsu51@theglobeandmail.com
183,Sheila,Gregor,6575954250,sgregor52@mashable.com
184,Dionisio,Pendall,8027090723,dpendall53@harvard.edu
185,Avrom,Burgyn,4248513656,aburgyn54@ebay.co.uk
186,Cloris,Morigan,4056581625,cmorigan55@unicef.org
187,Dorena,Coche,3711320273,dcoche56@ebay.com
188,Zed,Juhruke,7978047094,zjuhruke57@merriamwebster.com
189,Editha,Weathers,1899951659,eweathers58@erecht24.de
190,Starla,Alban,4451019455,salban59@bandcamp.com
191,Sid,Riches,8024823335,sriches5a@newsvine.com
192,Charmian,Haswell,3043423227,chaswell5b@4shared.com
193,Maxwell,Spilstead,2641171749,mspilstead5c@purevolume.com
194,Felic,MacKellen,4738665288,fmackellen5d@google.es
195,Vlad,Nanetti,4368821110,vnanetti5e@163.com
196,Corrina,O'Rourke,4466305195,corourke5f@cdbaby.com
197,Burk,Rowson,6358337389,browson5g@npr.org
198,Ebonee,Phelan,9317120489,ephelan5h@rakuten.co.jp
199,Adham,Pickston,1863938526,apickston5i@infoseek.co.jp
200,Angus,Trousdale,4542476226,atrousdale5j@epa.gov
201,Rubia,Paynton,1868840288,rpaynton5k@chronoengine.com
202,Jack,Lawlee,2313798510,jlawlee5l@constantcontact.com
203,Cherrita,Ronisch,5799625947,cronisch5m@boston.com
204,Berton,Shuttell,9677441426,bshuttell5n@youtube.com
205,Valida,Pargeter,9599258673,vpargeter5o@theatlantic.com
206,Dean,Skett,5061259581,dskett5p@youtube.com
207,Boothe,Maxweell,6471648537,bmaxweell5q@sun.com
208,Ferdie,Skune,7115026754,fskune5r@ebay.co.uk
209,Riannon,Nockells,3917723976,rnockells5s@usa.gov
210,Melita,Kinneally,1817764876,mkinneally5t@nasa.gov
211,Clemmie,Killgus,9324165346,ckillgus5u@cbc.ca
212,Jammie,Gertz,6763069349,jgertz5v@mashable.com
213,Loreen,Campelli,3189751205,lcampelli5w@hubpages.com
214,Kiersten,Lawful,4367961991,klawful5x@bigcartel.com
215,Dorry,Aronov,3276037568,daronov5y@xinhuanet.com
216,Johnathon,Oppy,2536193779,joppy5z@bigcartel.com
217,Carter,Huxter,2639954046,chuxter60@umn.edu
218,Charlotta,Guterson,5963251559,cguterson61@amazon.co.uk
219,Eugenia,Abendroth,3812506430,eabendroth62@sogou.com
220,Cornie,Markham,2249431839,cmarkham63@sfgate.com
221,Reilly,Frammingham,3638202239,rframmingham64@aol.com
222,Vinson,Stainbridge,6082441734,vstainbridge65@wordpress.com
223,Carolyn,Goncaves,4006384770,cgoncaves66@epa.gov
224,Meredith,Stapells,8793316075,mstapells67@nytimes.com
225,Saraann,Warbys,9805922151,swarbys68@tripadvisor.com
226,Standford,Ruvel,1296622806,sruvel69@pinterest.com
227,Thea,Konke,2724319137,tkonke6a@jugem.jp
228,Avigdor,Zorzoni,8085457996,azorzoni6b@listmanage.com
229,Antonetta,Extall,3309385886,aextall6c@ocn.ne.jp
230,Kiele,Dinnies,9449883003,kdinnies6d@printfriendly.com
231,Morty,Laweles,7504291980,mlaweles6e@mysql.com
232,Dolorita,Lusk,6154405379,dlusk6f@craigslist.org
233,Paulie,Popeley,8836194700,ppopeley6g@thetimes.co.uk
234,Dell,Wright,7696611049,dwright6h@cbc.ca
235,Antonella,Juggins,6113577896,ajuggins6i@squidoo.com
236,Erin,Frenchum,1027217751,efrenchum6j@yahoo.co.jp
237,Skell,Jakoubec,3975396926,sjakoubec6k@wordpress.com
238,Markos,Exley,7733028787,mexley6l@fema.gov
239,Dionis,Lovegrove,7907387502,dlovegrove6m@hhs.gov
240,Douglas,Geldert,5287576879,dgeldert6n@amazon.com
241,Donalt,Ouldred,1566916667,douldred6o@upenn.edu
242,Duke,Lunge,4126360853,dlunge6p@123reg.co.uk
243,Cristin,Valentetti,5873888401,cvalentetti6q@ed.gov
244,Abagael,Yandell,8145109475,ayandell6r@intel.com
245,Jon,Davie,7438776650,jdavie6s@edublogs.org
246,Natassia,Taaffe,2932776517,ntaaffe6t@jalbum.net
247,Hasheem,Dimitriades,9136889262,hdimitriades6u@mtv.com
248,Harmonia,Gaynesford,6637393299,hgaynesford6v@linkedin.com
249,Curry,Lisimore,5701665251,clisimore6w@yahoo.co.jp
250,Moishe,Jadczak,3353239285,mjadczak6x@stanford.edu
251,Giralda,Elsmore,6057408515,gelsmore6y@dyndns.org
252,Eden,Hardingham,7717419078,ehardingham6z@joomla.org
253,Millisent,Trayte,7137694484,mtrayte70@mapquest.com
254,Marcille,Fenwick,2494067887,mfenwick71@omniture.com
255,Vivianne,Beneyto,8938476724,vbeneyto72@home.pl
256,Aleen,Gout,2154313093,agout73@storify.com
257,Sibelle,Penna,7922698807,spenna74@homestead.com
258,Mal,Lello,4547416238,mlello75@ustream.tv
259,Konstantin,Chitter,1219804704,kchitter76@webs.com
260,Estell,Simonett,5463168393,esimonett77@usa.gov
261,Shay,Fildes,6151983223,sfildes78@soundcloud.com
262,Obidiah,Fargie,6991535902,ofargie79@state.gov
263,Nikki,Matys,3819335690,nmatys7a@hao123.com
264,Fairlie,Meegan,4702957222,fmeegan7b@shinystat.com
265,Kylila,Ilewicz,1584331225,kilewicz7c@people.com.cn
266,Duff,Sperski,1184350045,dsperski7d@angelfire.com
267,Elfrida,Popplewell,5056102963,epopplewell7e@rakuten.co.jp
268,Wendall,McCullock,7031533938,wmccullock7f@home.pl
269,Justine,Trowbridge,1739717395,jtrowbridge7g@liveinternet.ru
270,Bertie,Rozec,5717791105,brozec7h@livejournal.com
271,Elora,Sarsons,5315439355,esarsons7i@joomla.org
272,Dannie,Bullivent,8484233453,dbullivent7j@mysql.com
273,Daniele,Gallaher,7464783869,dgallaher7k@listmanage.com
274,Sheilakathryn,Jodrellec,2929947022,sjodrellec7l@time.com
275,Feodor,Duncklee,3798089922,fduncklee7m@sakura.ne.jp
276,Livvyy,Azam,8406353992,lazam7n@ow.ly
277,Rog,Conelly,4289861141,rconelly7o@lycos.com
278,Federica,Camamile,2386476572,fcamamile7p@eepurl.com
279,Alfreda,Fenich,7183198604,afenich7q@arstechnica.com
280,Ewan,Borrill,3825839287,eborrill7r@comcast.net
281,Leola,Sessions,2139302795,lsessions7s@fda.gov
282,Nariko,Skein,5439279576,nskein7t@t.co
283,Everard,Sweynson,1385713340,esweynson7u@sakura.ne.jp
284,Cristine,Mallinder,5931096861,cmallinder7v@google.it
285,Lev,Burds,1957282831,lburds7w@seattletimes.com
286,Laverne,Cosgrive,5844734776,lcosgrive7x@cam.ac.uk
287,Dee dee,Goodrick,4089628893,dgoodrick7y@wix.com
288,Rosalinda,Eplate,1145016810,replate7z@alibaba.com
289,Chickie,Spaice,2882427842,cspaice80@tinyurl.com
290,Baldwin,Eliasen,9802876915,beliasen81@google.com
291,Prince,Semerad,3313971047,psemerad82@free.fr
292,Ginnifer,Knappe,7706205289,gknappe83@cdbaby.com
293,Chelsy,Kaas,5414177388,ckaas84@sitemeter.com
294,Ogden,Clear,9228891742,oclear85@un.org
295,Friedrick,Vaudrey,6956496151,fvaudrey86@liveinternet.ru
296,Marty,Ager,4101168919,mager87@abc.net.au
297,Rollie,Bunten,6322713739,rbunten88@youtube.com
298,Lacie,Mullord,7684357138,lmullord89@ucoz.com
299,Ileana,Austin,7874608700,iaustin8a@cargocollective.com
300,Roobbie,Syphas,4267030662,rsyphas8b@un.org
301,Benedikta,Fairley,9749155964,bfairley8c@time.com
302,Ronnica,Armor,6498977963,rarmor8d@dell.com
303,Carmon,Baden,8261637614,cbaden8e@auda.org.au
304,Perrine,Bickmore,4651363585,pbickmore8f@miibeian.gov.cn
305,Cordie,Meachen,7885354766,cmeachen8g@bloomberg.com
306,Johan,Heinish,1759403825,jheinish8h@storify.com
307,Oriana,Seegar,7699241546,oseegar8i@ebay.co.uk
308,Levon,Hadgkiss,6238218458,lhadgkiss8j@craigslist.org
309,Ania,Guerry,6617036321,aguerry8k@cnet.com
310,Elle,Petras,5172532120,epetras8l@webs.com
311,Marlo,Lydiatt,6141101353,mlydiatt8m@slideshare.net
312,Magdalen,Jackson,3951122426,mjackson8n@webmd.com
313,Costa,Venables,2914630024,cvenables8o@ebay.com
314,Gris,Brick,4368004333,gbrick8p@moonfruit.com
315,Fredrick,Orro,3232456575,forro8q@economist.com
316,Elicia,Halle,3335303931,ehalle8r@google.com.hk
317,Percival,Rillatt,8741723228,prillatt8s@samsung.com
318,Meredith,Deares,4218330868,mdeares8t@state.gov
319,Gertrude,Gargett,7782299482,ggargett8u@fda.gov
320,Micky,Fashion,5131882447,mfashion8v@ycombinator.com
321,Myrtia,Khidr,2255260406,mkhidr8w@ucoz.com
322,Adaline,Canet,8011007022,acanet8x@irs.gov
323,Ugo,Whiteoak,9743058019,uwhiteoak8y@dion.ne.jp
324,Beatrisa,Haighton,1684844335,bhaighton8z@newyorker.com
325,Mabel,Reynalds,9795449426,mreynalds90@ezinearticles.com
326,Silvester,Stemp,1225327524,sstemp91@businesswire.com
327,Darcy,Groome,3561546491,dgroome92@discuz.net
328,Derron,Creed,4359442930,dcreed93@t.co
329,Camel,Ferrillio,5184033939,cferrillio94@free.fr
330,Marja,Yuryatin,3101318987,myuryatin95@china.com.cn
331,Gweneth,Noad,6097729245,gnoad96@abc.net.au
332,Dilan,Inmett,2402949932,dinmett97@webnode.com
333,Gabby,Crackel,6747493819,gcrackel98@cargocollective.com
334,Thaxter,Stapele,8711589877,tstapele99@163.com
335,Pinchas,Seakings,4244815554,pseakings9a@360.cn
336,Georgie,Pfeifer,3128648639,gpfeifer9b@youku.com
337,Barbaraanne,Agutter,5308194525,bagutter9c@illinois.edu
338,Trude,Coalbran,7362383912,tcoalbran9d@ucla.edu
339,Coletta,Fulger,2645356196,cfulger9e@ustream.tv
340,Corabelle,Jonuzi,3484399398,cjonuzi9f@china.com.cn
341,Antonella,Buglass,7991865718,abuglass9g@alibaba.com
342,Alexi,Kirkbride,7454367745,akirkbride9h@barnesandnoble.com
343,Hatti,Dormer,8504984715,hdormer9i@cdc.gov
344,Marco,Mazdon,2526889130,mmazdon9j@rakuten.co.jp
345,Herschel,Anmore,8581217886,hanmore9k@hud.gov
346,Dianemarie,Tock,5753423861,dtock9l@blog.com
347,Ekaterina,Yarnold,3741378283,eyarnold9m@posterous.com
348,Ariadne,Koppelmann,3278669831,akoppelmann9n@qq.com
349,Gerrard,Aughton,9356505771,gaughton9o@123reg.co.uk
350,Truman,Hymer,7226005089,thymer9p@mashable.com
351,Kylie,Stent,4217281073,kstent9q@craigslist.org
352,Mindy,Dews,4474413597,mdews9r@ed.gov
353,Bernadine,Fidgin,8141963754,bfidgin9s@oaic.gov.au
354,Monty,Gregine,4654438347,mgregine9t@telegraph.co.uk
355,Haily,Belle,2156634681,hbelle9u@nifty.com
356,Rudiger,Copplestone,1159888375,rcopplestone9v@google.it
357,Dino,Redgrove,9007698166,dredgrove9w@oaic.gov.au
358,Ellette,Okenden,1578290818,eokenden9x@ftc.gov
359,Sandi,Flancinbaum,1601122520,sflancinbaum9y@google.de
360,Bear,Chettle,1785941971,bchettle9z@bbb.org
361,Natassia,Gabbett,6411884064,ngabbetta0@blogger.com
362,Ardisj,Duignan,2997104788,aduignana1@jigsy.com
363,Hobie,Hexham,5512389292,hhexhama2@reddit.com
364,Orin,Grotty,7829469660,ogrottya3@godaddy.com
365,Zolly,Frank,2683398055,zfranka4@java.com
366,Lanni,Mowat,3315792028,lmowata5@chron.com
367,Albina,Hadeke,7646832594,ahadekea6@fda.gov
368,Chas,Sibyllina,2319050126,csibyllinaa7@craigslist.org
369,Felicity,Sumner,8994111079,fsumnera8@usa.gov
370,Caitrin,Labeuil,4901549113,clabeuila9@angelfire.com
371,Lindy,Dunford,8846294836,ldunfordaa@github.com
372,Tremaine,Toner,8338317890,ttonerab@boston.com
373,Agosto,Bricknall,6806375875,abricknallac@craigslist.org
374,Oralle,Jahan,1551072968,ojahanad@adobe.com
375,Winfred,Praten,5819295091,wpratenae@dion.ne.jp
376,Norri,Ryle,9687722080,nryleaf@mediafire.com
377,Anita,Gaspar,8164514935,agasparag@tiny.cc
378,Margaretha,Janiak,9118782595,mjaniakah@newyorker.com
379,Claire,Marte,8689367244,cmarteai@wsj.com
380,Abby,De Blasio,8622424363,adeblasioaj@4shared.com
381,Ware,Shark,3129759742,wsharkak@wikipedia.org
382,Cathlene,Titterton,8957205923,ctittertonal@psu.edu
383,Garreth,Van den Oord,8294814516,gvandenoordam@joomla.org
384,Kristin,Robinet,5381366681,krobinetan@lycos.com
385,Phaedra,Gumley,9135295011,pgumleyao@smh.com.au
386,Rahel,Trevorrow,7128510837,rtrevorrowap@hatena.ne.jp
387,Laurie,Haws,7511871815,lhawsaq@slate.com
388,Erin,Quibell,2991202022,equibellar@yellowpages.com
389,Garnette,Bodycombe,7213574777,gbodycombeas@pcworld.com
390,Emanuel,Gribbins,3793805699,egribbinsat@hatena.ne.jp
391,Henri,Vader,1441427317,hvaderau@dmoz.org
392,Euell,Iannitti,9353102757,eiannittiav@smh.com.au
393,Lucius,Bonwick,6397169593,lbonwickaw@cbslocal.com
394,Tansy,Dron,1149194213,tdronax@lulu.com
395,Jourdain,Dobbyn,9148355557,jdobbynay@altervista.org
396,Gerick,Cordero,2693979747,gcorderoaz@fema.gov
397,Keenan,Beaconsall,4556867136,kbeaconsallb0@networksolutions.com
398,Jolie,Durrell,4335171249,jdurrellb1@latimes.com
399,Massimiliano,Saiens,8469305393,msaiensb2@freewebs.com
400,Fayette,Pryce,6897168583,fpryceb3@cmu.edu
401,Darcey,Revington,8266439006,drevingtonb4@macromedia.com
402,Corenda,Spanton,2514334263,cspantonb5@istockphoto.com
403,Sharona,Marquet,9842136003,smarquetb6@freewebs.com
404,Franz,Stollberger,1628262225,fstollbergerb7@washingtonpost.com
405,Charles,Elphinstone,7704086304,celphinstoneb8@spotify.com
406,Christabella,Baddam,6724168846,cbaddamb9@boston.com
407,Osmond,Portlock,1542046134,oportlockba@chronoengine.com
408,Gerrard,Beade,8817459759,gbeadebb@cnet.com
409,Ede,MacMarcuis,9696675813,emacmarcuisbc@pagespersoorange.fr
410,Ebony,Du Barry,1636583291,edubarrybd@army.mil
411,Celinka,Collyear,8004512828,ccollyearbe@diigo.com
412,Lisbeth,Weale,5621806077,lwealebf@businessweek.com
413,Ruperto,Deinert,8007292934,rdeinertbg@exblog.jp
414,Evaleen,Coppen,3048309035,ecoppenbh@google.ru
415,Freeman,O'Dooghaine,9413678067,fodooghainebi@nature.com
416,Meir,Toderini,1467719542,mtoderinibj@paypal.com
417,Lotta,Goldring,1745323717,lgoldringbk@stumbleupon.com
418,Ross,Wheble,2101575834,rwheblebl@yelp.com
419,Teddy,Scrivin,3977183333,tscrivinbm@chicagotribune.com
420,Evangeline,Zienkiewicz,2695174173,ezienkiewiczbn@nsw.gov.au
421,Brig,Grene,2912145088,bgrenebo@pagespersoorange.fr
422,Odetta,Scourge,2413792337,oscourgebp@rambler.ru
423,Tudor,Luckman,2106241949,tluckmanbq@chron.com
424,Dolf,Peret,8405226876,dperetbr@who.int
425,Bard,Conor,6226355738,bconorbs@bluehost.com
426,Gussie,Crunkhorn,9384745018,gcrunkhornbt@yolasite.com
427,Gwenni,Haskey,7539729725,ghaskeybu@sun.com
428,Carlo,Simeoli,8899071704,csimeolibv@baidu.com
429,Wendall,Zamorrano,7287655743,wzamorranobw@comcast.net
430,Rickie,Climson,2016264135,rclimsonbx@npr.org
431,Merla,De Andisie,9376736404,mdeandisieby@illinois.edu
432,Madelena,Whitehair,9495304083,mwhitehairbz@biglobe.ne.jp
433,Raymond,MacMeanma,4491859339,rmacmeanmac0@amazonaws.com
434,Wren,Kull,2628025707,wkullc1@telegraph.co.uk
435,Karon,Newbegin,2137892305,knewbeginc2@diigo.com
436,Joy,Barthram,4777814145,jbarthramc3@salon.com
437,Jessalyn,Sercombe,9695419261,jsercombec4@adobe.com
438,Aleece,Ravenhill,9416239394,aravenhillc5@gmpg.org
439,Alaster,Vanderson,8637517471,avandersonc6@mediafire.com
440,Adamo,Snedker,5088439991,asnedkerc7@ca.gov
441,Bradford,Roy,1487082978,broyc8@ed.gov
442,Ruthe,Sarle,7329790225,rsarlec9@mtv.com
443,Dorthea,Pavier,2006689890,dpavierca@istockphoto.com
444,Garfield,Haddleton,5346706579,ghaddletoncb@bbb.org
445,Diahann,Godlip,9515672298,dgodlipcc@com.com
446,Christoph,Carff,4115224723,ccarffcd@youtube.com
447,Wilfred,Dyne,6914074484,wdynece@mtv.com
448,Vi,Kinrade,6378326055,vkinradecf@sciencedirect.com
449,Meggie,Pollins,5186629935,mpollinscg@networksolutions.com
450,Brooks,Balling,6733409281,bballingch@nationalgeographic.com
451,Enoch,Campbell,7031650854,ecampbellci@netlog.com
452,Herold,Bratcher,8137700112,hbratchercj@fema.gov
453,Broddie,Bertie,9232608305,bbertieck@soup.io
454,Chalmers,Lovering,1547312342,cloveringcl@soup.io
